FNAME,Idle,UI_Idle,Stand_Aim,Walk_Blend,Walk_Aim,Crouch_Blend,Crouch_Aim,Run_Blend,Sprint Blend,Reload,Reload_Idle,Reload_Crouch,Stand_Shooting,Shoot_Aim,Shoot_Crouch,ProneBlend,ProneAim,ProneReload,Prone Shoot,Prone Idle
ASR_AKM,Idle_ASR_AK,UI_Idle_ASR_M4,Stand_Aim_ASR_M4,Walk_Blend_ASR_M4,Walk_Aim_ASR_M4,Crouch_Blend_ASR_AK,Crouch_Aim_ASR_M4,Run_Blend_ASR_M4FFH,Sprint_Blend_ASR_M4,Reload_Walk_ASR_AK_01,Reload_Idle_ASR_AK_01,Reload_Crouch_ASR_AK_01,Stand_Shooting_ASR_AK,Zoom_ASR_M4_Fire,Stand_Shooting_ASR_AK,Prone_Blend_ASR_M4,Prone_Aim_ASR_M4,Reload_Prone_ASR_AK_01,Stand_Shooting_ASR_AK,Prone_Idle_ASR_M4
ASR_AK74M,Idle_ASR_AK,UI_Idle_ASR_M4,Stand_Aim_ASR_M4,Walk_Blend_ASR_M4,Walk_Aim_ASR_M4,Crouch_Blend_ASR_AK,Crouch_Aim_ASR_M4,Run_Blend_ASR_M4FFH,Sprint_Blend_ASR_M4,Reload_Walk_ASR_AK_01,Reload_Idle_ASR_AK_01,Reload_Crouch_ASR_AK_01,Stand_Shooting_ASR_AK,Zoom_ASR_M4_Fire,Stand_Shooting_ASR_AK,Prone_Blend_ASR_M4,Prone_Aim_ASR_M4,Reload_Prone_ASR_AK_01,Stand_Shooting_ASR_AK,Prone_Idle_ASR_M4
ASR_AKS74U,Idle_ASR_AK,UI_Idle_ASR_M4,Stand_Aim_ASR_M4,Walk_Blend_ASR_M4,Walk_Aim_ASR_M4,Crouch_Blend_ASR_AK,Crouch_Aim_ASR_M4,Run_Blend_ASR_M4FFH,Sprint_Blend_ASR_M4,Reload_Walk_ASR_AK_01,Reload_Idle_ASR_AK_01,Reload_Crouch_ASR_AK_01,Stand_Shooting_ASR_AK,Zoom_ASR_M4_Fire,Stand_Shooting_ASR_AK,Prone_Blend_ASR_M4,Prone_Aim_ASR_M4,Reload_Prone_ASR_AK_01,Stand_Shooting_ASR_AK,Prone_Idle_ASR_M4
ASR_Fn_scar,Idle_ASR_Fn_scar,UI_Idle_ASR_M4,Stand_Aim_ASR_M4,Walk_Blend_ASR_M4,Walk_Aim_ASR_M4,Crouch_Blend_ASR_Fn_scar,Crouch_Aim_ASR_M4,Run_Blend_ASR_M4FFH,Sprint_Blend_ASR_M4,Reload_Walk_ASR_Fn_scar,Reload_Idle_ASR_Fn_scar,Reload_Crouch_ASR_M4_01,Stand_Shooting_ASR_Fn_scar,Zoom_ASR_M4_Fire,Stand_Shooting_ASR_Fn_scar,Prone_Blend_ASR_M4,Prone_Aim_ASR_M4,Reload_Prone_ASR_M4_01,Stand_Shooting_ASR_AK,Prone_Idle_ASR_M4
ASR_Fn_scar_NightCamo,Idle_ASR_M4FFH,UI_Idle_ASR_M4,Stand_Aim_ASR_M4,Walk_Blend_ASR_M4,Walk_Aim_ASR_M4,Crouch_Blend_ASR_M4FFH,Crouch_Aim_ASR_M4,Run_Blend_ASR_M4FFH,Sprint_Blend_ASR_M4,Reload_Walk_ASR_M4_01,Reload_Idle_ASR_M4_01,Reload_Crouch_ASR_M4_01,Stand_Shooting_ASR_M4FFH,Zoom_ASR_M4_Fire,Stand_Shooting_ASR_M4FFH,Prone_Blend_ASR_M4,Prone_Aim_ASR_M4,Reload_Prone_ASR_M4_01,Stand_Shooting_ASR_AK,Prone_Idle_ASR_M4
ASR_G36,Idle_ASR_M4,UI_Idle_ASR_M4,Stand_Aim_ASR_M4,Walk_Blend_ASR_M4,Walk_Aim_ASR_M4,Crouch_Blend_ASR_M4,Crouch_Aim_ASR_M4,Run_Blend_ASR_M4,Sprint_Blend_ASR_M4,Reload_Walk_ASR_G36,Reload_Idle_ASR_G36,Reload_Crouch_ASR_G36,Stand_Shooting_ASR_M4_Single_02,Zoom_ASR_M4_Fire,Stand_Shooting_ASR_M4_Single_02,Prone_Blend_ASR_M4,Prone_Aim_ASR_M4,Reload_Prone_ASR_G36,Stand_Shooting_ASR_AK,Prone_Idle_ASR_M4
ASR_M16,Idle_ASR_M4FFH,UI_Idle_ASR_M4,Stand_Aim_ASR_M4,Walk_Blend_ASR_M4,Walk_Aim_ASR_M4,Crouch_Blend_ASR_M4FFH,Crouch_Aim_ASR_M4,Run_Blend_ASR_M4FFH,Sprint_Blend_ASR_M4,Reload_Walk_ASR_M4_01,Reload_Idle_ASR_M4_01,Reload_Crouch_ASR_M4_01,Stand_Shooting_ASR_M4FFH,Zoom_ASR_M4_Fire,Stand_Shooting_ASR_M4FFH,Prone_Blend_ASR_M4,Prone_Aim_ASR_M4,Reload_Prone_ASR_M4_01,Stand_Shooting_ASR_AK,Prone_Idle_ASR_M4
ASR_Mossada,Idle_ASR_M4FFH,UI_Idle_ASR_M4,Stand_Aim_ASR_M4,Walk_Blend_ASR_M4,Walk_Aim_ASR_M4,Crouch_Blend_ASR_M4FFH,Crouch_Aim_ASR_M4,Run_Blend_ASR_M4FFH,Sprint_Blend_ASR_M4,Reload_Walk_ASR_Mossada,Reload_Idle_ASR_Mossada,Reload_Crouch_ASR_M4_01,Stand_Shooting_ASR_M4FFH,Zoom_ASR_M4_Fire,Stand_Shooting_ASR_M4FFH,Prone_Blend_ASR_M4,Prone_Aim_ASR_M4,Reload_Prone_ASR_M4_01,Stand_Shooting_ASR_AK,Prone_Idle_ASR_M4
ASR_M4FFH,Idle_ASR_M4FFH,UI_Idle_ASR_M4,Stand_Aim_ASR_M4,Walk_Blend_ASR_M4,Walk_Aim_ASR_M4,Crouch_Blend_ASR_M4FFH,Crouch_Aim_ASR_M4,Run_Blend_ASR_M4FFH,Sprint_Blend_ASR_M4,Reload_Walk_ASR_M4_01,Reload_Idle_ASR_M4_01,Reload_Crouch_ASR_M4_01,Stand_Shooting_ASR_M4FFH,Zoom_ASR_M4_Fire,Stand_Shooting_ASR_M4FFH,Prone_Blend_ASR_M4,Prone_Aim_ASR_M4,Reload_Prone_ASR_M4_01,Stand_Shooting_ASR_AK,Prone_Idle_ASR_M4
ASR_SIG_SG556,Idle_ASR_M4,UI_Idle_ASR_M4,Stand_Aim_ASR_M4,Walk_Blend_ASR_M4,Walk_Aim_ASR_M4,Crouch_Blend_ASR_M4,Crouch_Aim_ASR_M4,Run_Blend_ASR_M4,Sprint_Blend_ASR_M4,Reload_Walk_ASR_SIG_SG556,Reload_Idle_ASR_SIG_SG556,Reload_Crouch_ASR_M4_01,Stand_Shooting_ASR_M4_Single_02,Zoom_ASR_M4_Fire,Stand_Shooting_ASR_M4_Single_02,Prone_Blend_ASR_M4,Prone_Aim_ASR_M4,Reload_Prone_ASR_M4_01,Stand_Shooting_ASR_AK,Prone_Idle_ASR_M4
ASR_SIG516,Idle_ASR_M4FFH,UI_Idle_ASR_M4,Stand_Aim_ASR_M4,Walk_Blend_ASR_M4,Walk_Aim_ASR_M4,Crouch_Blend_ASR_M4FFH,Crouch_Aim_ASR_M4,Run_Blend_ASR_M4FFH,Sprint_Blend_ASR_M4,Reload_Walk_ASR_M4_01,Reload_Idle_ASR_M4_01,Reload_Crouch_ASR_M4_01,Stand_Shooting_ASR_M4FFH,Zoom_ASR_M4_Fire,Stand_Shooting_ASR_M4FFH,Prone_Blend_ASR_M4,Prone_Aim_ASR_M4,Reload_Prone_ASR_M4_01,Stand_Shooting_ASR_AK,Prone_Idle_ASR_M4
ASR_Ruger_Rifle,Idle_ASR_Ruger_Rifle,UI_Idle_ASR_M4,Stand_Aim_ASR_Ruger_Rifle,Walk_Blend_ASR_M4,Walk_Aim_ASR_Ruger_Rifle,Crouch_Blend_ASR_mini14,Crouch_Aim_ASR_mini14,Run_Blend_ASR_mini14,Sprint_Blend_ASR_mini14,Reload_Walk_ASR_Ruger_Rifle,Reload_Idle_ASR_Ruger_Rifle,Reload_Crouch_ASR_Ruger_Rifle,Stand_Shooting_ASR_mini14,none,none,Prone_Blend_ASR_M4,Prone_Aim_ASR_M4,Reload_Prone_ASR_Ruger_Rifle,Stand_Shooting_ASR_AK,Prone_Idle_ASR_M4
ASR_tar21,Idle_ASR_Tar21,UI_Idle_ASR_Tar21,Stand_Aim_ASR_tar21,Walk_Blend_ASR_Tar21,Walk_Aim_ASR_Tar21,Crouch_Blend_ASR_Tar21,Crouch_Aim_ASR_Tar21,Run_Blend_ASR_Tar21,Sprint_Blend_ASR_Tar21,Reload_Walk_ASR_Tar,Reload_Idle_ASR_Tar,Reload_Crouch_ASR_Tar,Stand_Shooting_ASR_Tar_Single_01,none,none,Prone_Blend_ASR_M4,Prone_Aim_ASR_tar21,Reload_Prone_ASR_tar,Stand_Shooting_ASR_AK,Prone_Idle_ASR_tar21
ASR_mini14,Idle_ASR_mini14,UI_Idle_ASR_M4,Stand_Aim_ASR_mini14,Walk_Blend_ASR_M4,Walk_Aim_ASR_mini14,Crouch_Blend_ASR_mini14,Crouch_Aim_ASR_mini14,Run_Blend_ASR_mini14,Sprint_Blend_ASR_mini14,Reload_Walk_ASR_mini14,Reload_Idle_ASR_mini14,Reload_Crouch_ASR_mini14,Stand_Shooting_ASR_mini14,none,none,Prone_Blend_ASR_M4,Prone_Aim_ASR_M4,Reload_Prone_ASR_mini14,Stand_Shooting_ASR_mini14,Prone_Idle_ASR_mini14
ASR_Mosin_Rifle,Idle_ASR_Mosin,UI_Idle_ASR_M4,Stand_Aim_ASR_mini14,Walk_Blend_ASR_M4,Walk_Aim_ASR_mini14,Crouch_Blend_ASR_mini14,Crouch_Aim_ASR_mini14,Run_Blend_ASR_mini14,Sprint_Blend_ASR_mini14,Reload_Walk_ASR_Mosin,Reload_Idle_ASR_Mosin,Reload_Crouch_ASR_Mosin,Stand_Shooting_ASR_Mosin,none,none,Prone_Blend_ASR_M4,Prone_Aim_ASR_M4,Reload_Prone_ASR_Mosin,Stand_Shooting_ASR_mini14,Prone_Idle_ASR_mini14
HG_beretta92f,Idle_HG_Main,UI_Idle_HG,Stand_Aim_HG_Main,Walk_Blend_HG_Main,Walk_Aim_HG_Main,Crouch_Blend_HG_Main,Crouch_Aim_HG_Main,Run_Blend_HG_Main,Sprint_Blend_HG_Main,Reload_Walk_HG_Auto,Reload_Idle_HG_Auto,Reload_Crouch_HG_Auto,Stand_Shooting_HG_Main,Zoom_HG_Main_Fire,Stand_Shooting_HG_Main,Prone_Blend_ASR_M4,Prone_Aim_HG_Main,Reload_Prone_HG_Main,Stand_Shooting_ASR_AK,Prone_Idle_HG_Main
HG_Beretta93R,Idle_HG_Main,UI_Idle_HG,Stand_Aim_HG_Main,Walk_Blend_HG_Main,Walk_Aim_HG_Main,Crouch_Blend_HG_Main,Crouch_Aim_HG_Main,Run_Blend_HG_Main,Sprint_Blend_HG_Main,Reload_Walk_HG_Auto,Reload_Idle_HG_Auto,Reload_Crouch_HG_Auto,Stand_Shooting_HG_Main,Zoom_HG_Main_Fire,Stand_Shooting_HG_Main,Prone_Blend_ASR_M4,Prone_Aim_HG_Main,Reload_Prone_HG_Main,Stand_Shooting_ASR_AK,Prone_Idle_HG_Main
HG_Desert_Eagle,Idle_HG_Main,UI_Idle_HG,Zoom_HG_Desert_Eagle_Idle,Zoom_HG_Desert_Eagle_Walk,Zoom_HG_Desert_Eagle_Walk,Crouch_Blend_HG_Main,Crouch_Aim_HG_Desert_Eagle,Run_Blend_HG_Main,Sprint_Blend_HG_Main,Reload_Walk_HG_Auto,Reload_Idle_HG_Auto,Reload_Crouch_HG_Auto,Stand_Shooting_HG_Main,Zoom_HG_Desert_Eagle_Fire,Stand_Shooting_HG_Main,Prone_Blend_ASR_M4,Prone_Aim_HG_Main,Reload_Prone_HG_Main,Stand_Shooting_ASR_AK,Prone_Idle_HG_Main
HG_FlareGun,Idle_HG_Flaregun,UI_Idle_HG,Stand_Aim_HG_Main,Walk_Blend_HG_Main,Walk_Aim_HG_Main,Crouch_Blend_HG_Main,Crouch_Aim_HG_Main,Run_Blend_HG_Main,Sprint_Blend_HG_Main,Reload_Walk_HG_Flaregun,Reload_Idle_HG_Flaregun,Reload_Crouch_HG_flaregun,Stand_Shooting_HG_Main,Zoom_HG_Main_Fire,Stand_Shooting_HG_Main,Prone_Blend_ASR_M4,Prone_Aim_HG_Main,Reload_Prone_HG_FlareGun,Stand_Shooting_ASR_AK,Prone_Idle_HG_Main
HG_FN57,Idle_HG_Main,UI_Idle_HG,Stand_Aim_HG_Main,Walk_Blend_HG_Main,Walk_Aim_HG_Main,Crouch_Blend_HG_Main,Crouch_Aim_HG_Main,Run_Blend_HG_Main,Sprint_Blend_HG_Main,Reload_Walk_HG_Auto,Reload_Idle_HG_Auto,Reload_Crouch_HG_Auto,Stand_Shooting_HG_Main,Zoom_HG_Main_Fire,Stand_Shooting_HG_Main,Prone_Blend_ASR_M4,Prone_Aim_HG_Main,Reload_Prone_HG_Main,Stand_Shooting_ASR_AK,Prone_Idle_HG_Main
HG_SIGP226,Idle_HG_Main,UI_Idle_HG,Stand_Aim_HG_Main,Walk_Blend_HG_Main,Walk_Aim_HG_Main,Crouch_Blend_HG_Main,Crouch_Aim_HG_Main,Run_Blend_HG_Main,Sprint_Blend_HG_Main,Reload_Walk_HG_Auto,Reload_Idle_HG_Auto,Reload_Crouch_HG_Auto,Stand_Shooting_HG_Main,Zoom_HG_Main_Fire,Stand_Shooting_HG_Main,Prone_Blend_ASR_M4,Prone_Aim_HG_Main,Reload_Prone_HG_Main,Stand_Shooting_ASR_AK,Prone_Idle_HG_Main
HG_Jericho,Idle_HG_Main,UI_Idle_HG,Stand_Aim_HG_Main,Walk_Blend_HG_Main,Walk_Aim_HG_Main,Crouch_Blend_HG_Main,Crouch_Aim_HG_Main,Run_Blend_HG_Main,Sprint_Blend_HG_Main,Reload_Walk_HG_Auto,Reload_Idle_HG_Auto,Reload_Crouch_HG_Auto,Stand_Shooting_HG_Main,Zoom_HG_Main_Fire,Stand_Shooting_HG_Main,Prone_Blend_ASR_M4,Prone_Aim_HG_Main,Reload_Prone_HG_Main,Stand_Shooting_ASR_AK,Prone_Idle_HG_Main
HG_Ruger,Idle_HG_Main,UI_Idle_HG,Stand_Aim_HG_Main,Walk_Blend_HG_Main,Walk_Aim_HG_Main,Crouch_Blend_HG_Main,Crouch_Aim_HG_Main,Run_Blend_HG_Main,Sprint_Blend_HG_Main,Reload_Walk_HG_Auto,Reload_Idle_HG_Auto,Reload_Crouch_HG_Auto,Stand_Shooting_HG_Main,Zoom_HG_Main_Fire,Stand_Shooting_HG_Main,Prone_Blend_ASR_M4,Prone_Aim_HG_Main,Reload_Prone_HG_Main,Stand_Shooting_ASR_AK,Prone_Idle_HG_Main
HG_Colt_Anaconda,Idle_HG_Main,UI_Idle_HG,Stand_Aim_HG_Main,Walk_Blend_HG_Main,Walk_Aim_HG_Main,Crouch_Blend_HG_Main,Crouch_Aim_HG_Main,Run_Blend_HG_Main,Sprint_Blend_HG_Main,Reload_Walk_HG_Colt_Anaconda,Reload_Idle_HG_Colt_Anaconda,Reload_Crouch_HG_Colt_Anaconda,Stand_Shooting_HG_Main,Zoom_HG_Main_Fire,Stand_Shooting_HG_Main,Prone_Blend_ASR_M4,Prone_Aim_HG_Main,Reload_Prone_HG_Colt_Anaconda,Stand_Shooting_ASR_AK,Prone_Idle_HG_Main
HG_colt_1911,Idle_HG_Main,UI_Idle_HG,Stand_Aim_HG_Main,Walk_Blend_HG_Main,Walk_Aim_HG_Main,Crouch_Blend_HG_Main,Crouch_Aim_HG_Main,Run_Blend_HG_Main,Sprint_Blend_HG_Main,Reload_Walk_HG_Auto,Reload_Idle_HG_Auto,Reload_Crouch_HG_Auto,Stand_Shooting_HG_Main,Zoom_HG_Main_Fire,Stand_Shooting_HG_Main,Prone_Blend_ASR_M4,Prone_Aim_HG_Main,Reload_Prone_HG_Main,Stand_Shooting_ASR_AK,Prone_Idle_HG_Main
MG_M249_SAW,Idle_MG_M60,UI_Idle_MG_60,Stand_Aim_MG,Walk_Blend_MG,Walk_Aim_MG,Crouch_Blend_MG,Crouch_Aim_MG,Run_Blend_MG,Sprint_Blend_MG,Reload_Walk_MG_01,Reload_Idle_MG_01,Reload_Crouch_MG_01,Stand_Shooting_MG,Zoom_MG_Fire,Stand_Shooting_MG,Prone_Blend_ASR_M4,Prone_Aim_MG,Reload_Prone_MG_Mag,Stand_Shooting_ASR_AK,Prone_Idle_MG
MG_PKM,Idle_MG_Mag,UI_Idle_MG_60,Stand_Aim_MG,Walk_Blend_MG,Walk_Aim_MG_Mag,Crouch_Blend_MG_Mag,Crouch_Aim_MG_Mag,Run_Blend_MG_PKM,Sprint_Blend_MG_PKM,Reload_Walk_MG_Mag,Reload_Idle_MG_Mag,Reload_Crouch_MG_Mag,Stand_Shooting_MG_Mag,none,Stand_Shooting_MG_Mag,Prone_Blend_ASR_M4,Prone_Aim_MG_Mag,Reload_Prone_MG_Mag,Stand_Shooting_ASR_AK,Prone_Idle_MG_Mag
MG_RPK,Idle_MG_RPK,UI_Idle_MG_60,Stand_Aim_MG,Walk_Blend_MG,Walk_Aim_ASR_M4,Crouch_Blend_MG_RPK,Crouch_Aim_MG,Run_Blend_MG,Sprint_Blend_MG,Reload_Walk_MG_RPK,Reload_Idle_MG_RPK,Reload_Crouch_MG_RPK,Stand_Shooting_MG_RPK,Zoom_ASR_M4_Fire,Stand_Shooting_MG_RPK,Prone_Blend_ASR_M4,Prone_Aim_MG,Reload_Prone_ASR_M4_01,Stand_Shooting_ASR_AK,Prone_Idle_MG
MG_G36MG,Idle_MG_G36MG,UI_Idle_ASR_M4,Stand_Aim_ASR_M4,Walk_Blend_ASR_M4,Walk_Aim_ASR_M4,Crouch_Blend_MG_G36MG,Crouch_Aim_ASR_M4,Run_Blend_MG,Sprint_Blend_MG,Reload_Walk_MG_G36MG,Reload_Idle_MG_G36MG,Reload_Crouch_MG_G36MG,Stand_Shooting_MG_G36MG,Zoom_ASR_M4_Fire,Stand_Shooting_MG_G36MG,Prone_Blend_ASR_M4,Prone_Aim_MG,Reload_Prone_ASR_M4_01,Stand_Shooting_ASR_AK,Prone_Idle_MG
SHG_DoubleBarrel,Idle_SHG_Mossberg590_01,UI_Idle_ASR_M4,Stand_Aim_ASR_M4,Walk_Blend_ASR_M4,Walk_Aim_ASR_M4,Crouch_Blend_SHG_Mossberg590_01,Crouch_Aim_ASR_M4,Run_Blend_SHG_DoubleBarrel,Sprint_Blend_SHG_DoubleBarrel,Reload_Walk_SHG_DoubleBarrel_01,Reload_Idle_SHG_DoubleBarrel,Reload_Crouch_SHG_DoubleBarrel_01,Stand_Shooting_SHG_DoubleBarrel,none,none,Prone_Blend_ASR_M4,Prone_Aim_ASR_M4,Reload_Prone_SHG_DoubleBarrel,Stand_Shooting_SHG_DoubleBarrel,Prone_Idle_ASR_M4
SHG_Mossberg590_01,Idle_SHG_Mossberg590_01,UI_Idle_ASR_M4,Stand_Aim_ASR_M4,Walk_Blend_ASR_M4,Walk_Aim_ASR_M4,Crouch_Blend_SHG_Mossberg590_01,Crouch_Aim_ASR_M4,Run_Blend_ASR_M4,Sprint_Blend_ASR_M4,Reload_Walk_SHG_Mossberg590_01,Reload_Idle_SHG_Mossberg590_01,Reload_Crouch_SHG_Mossberg590_01,Stand_Shooting_SHG_Mossberg590_01,none,none,Prone_Blend_ASR_M4,Prone_Aim_ASR_M4,Reload_Prone_Mossberg590_01,Stand_Shooting_ASR_AK,Prone_Idle_ASR_M4
SHG_Keltech,Idle_SHG_Keltech,UI_Idle_ASR_M4,Stand_Aim_ASR_M4,Walk_Blend_ASR_M4,Walk_Aim_ASR_M4,Crouch_Blend_SHG_Mossberg590_01,Crouch_Aim_ASR_M4,Run_Blend_ASR_M4,Sprint_Blend_ASR_M4,Reload_Walk_SHG_Keltech,Reload_Idle_SHG_Keltech,Reload_Crouch_SHG_Keltech,Stand_Shooting_SHG_Pump_01,Zoom_SHG_Pump_Fire,Stand_Shooting_SHG_Pump_01,Prone_Blend_ASR_M4,Prone_Aim_ASR_M4,Reload_Prone_SHG_Keltech,Stand_Shooting_ASR_AK,Prone_Idle_ASR_M4
SHG_Saiga,Idle_SHG_Saiga,UI_Idle_ASR_M4,Stand_Aim_ASR_M4,Walk_Blend_ASR_M4,Walk_Aim_ASR_M4,Crouch_Blend_SHG_Saiga,Crouch_Aim_ASR_M4,Run_Blend_SHG_Saiga,Sprint_Blend_SHG_Saiga,Reload_Walk_SHG_Saiga,Reload_Idle_SHG_Saiga,Reload_Crouch_SHG_Saiga,Stand_Shooting_SHG_Saiga,Zoom_SHG_Pump_Fire,Stand_Shooting_SHG_Saiga,Prone_Blend_ASR_M4,Prone_Aim_ASR_M4,Reload_Prone_SHG_Saiga,Stand_Shooting_ASR_AK,Prone_Idle_ASR_M4
SHG_Usas12,Idle_SHG_Usas12,UI_Idle_ASR_M4,Stand_Aim_ASR_M4,Walk_Blend_ASR_M4,Walk_Aim_ASR_M4,Crouch_Blend_SHG_Usas12,Crouch_Aim_ASR_M4,Run_Blend_ASR_M4,Sprint_Blend_ASR_M4,Reload_Walk_SHG_Usas12,Reload_Idle_SHG_Usas12,Reload_Crouch_SHG_Usas12,Stand_Shooting_SHG_Usas12,Zoom_SHG_Pump_Fire,Stand_Shooting_SHG_Usas12,Prone_Blend_ASR_M4,Prone_Aim_ASR_M4,Reload_Prone_SHG_Usas12,Stand_Shooting_ASR_AK,Prone_Idle_ASR_M4
SMG_AacHoneyBadger_01,Idle_ASR_M4FFH,UI_Idle_ASR_M4,Stand_Aim_ASR_M4,Walk_Blend_ASR_M4,Walk_Aim_ASR_M4,Crouch_Blend_ASR_M4FFH,Crouch_Aim_ASR_M4,Run_Blend_ASR_M4,Sprint_Blend_ASR_M4,Reload_Walk_ASR_M4_01,Reload_Idle_ASR_M4_01,Reload_Crouch_ASR_M4_01,Stand_Shooting_ASR_M4FFH,Zoom_ASR_M4_Fire,Stand_Shooting_ASR_M4FFH,Prone_Blend_ASR_M4,Prone_Aim_ASR_M4,Reload_Prone_ASR_M4_01,Stand_Shooting_ASR_AK,Prone_Idle_ASR_M4
SMG_Bizon,Idle_SMG_Bizon,UI_Idle_ASR_M4_M203,Stand_Aim_SMG_Bizon,Walk_Blend_SMG_Bizon,Walk_Aim_SMG_Bizon,Crouch_Blend_SMG_Bizon,Crouch_Aim_SMG_Bizon,Run_Blend_SHG_DoubleBarrel,Sprint_Blend_SHG_DoubelBarrel,Reload_Walk_SMG_Bizon,Reload_Idle_SMG_Bizon,Reload_Crouch_SMG_Bizon,Stand_Shooting_SMG_Bizon,Zoom_SMG_MP7_Fire,Stand_Shooting_SMG_Bizon,Prone_Blend_ASR_M4,Prone_Aim_SMG_Bizon,Reload_Prone_SMG_Bizon,Stand_Shooting_ASR_AK,Prone_Idle_SMG_Bizon
SMG_MP5A4,Idle_SMG_MP5SD,UI_Idle_SMG_MP7,Stand_Aim_SMG_MP5SD,Walk_Blend_SMG_MP5SD,Walk_Aim_SMG_MP5SD,Crouch_Blend_SMG_MP5SD,Crouch_Aim_SMG_MP5SD,Run_Blend_SMG_MP5SD,Sprint_Blend_SMG_MP5SD,Reload_Walk_SMG_MP5SD,Reload_Idle_SMG_MP5SD,Reload_Crouch_SMG_MP5SD,Stand_Shooting_SMG_MP5SD,Zoom_SMG_MP7_Fire,Stand_Shooting_SMG_MP5SD,Prone_Blend_ASR_M4,Prone_Aim_SMG_MP5SD,Reload_Prone_SMG_MP5SD,Stand_Shooting_ASR_AK,Prone_Idle_SMG_MP5SD
SMG_MP7,Idle_SMG_MP7,UI_Idle_SMG_MP7,Stand_Aim_SMG_MP7,Walk_Blend_SMG_MP7,Walk_Aim_SMG_MP7,Crouch_Blend_SMG_MP7,Crouch_Aim_SMG_MP7,Run_Blend_SMG_MP5SD,Sprint_Blend_SMG_MP5SD,Reload_Walk_SMG_MP7,Reload_Idle_SMG_MP7,Reload_Crouch_SMG_MP7,Stand_Shooting_SMG_MP7,Zoom_SMG_MP7_Fire,Stand_Shooting_SMG_MP7,Prone_Blend_ASR_M4,Prone_Aim_SMG_MP7,Reload_Prone_SMG_MP7,Stand_Shooting_ASR_AK,Prone_Idle_SMG_MP7
SMG_P90,Idle_SMG_P90,UI_Idle_SMG_P90,Stand_Aim_SMG_P90,Walk_Blend_SMG_P90,Walk_Aim_SMG_P90,Crouch_Blend_SMG_P90,Crouch_Aim_SMG_P90,Run_Blend_SMG_P90,Sprint_Blend_SMG_P90,Reload_Walk_SMG_P90,Reload_Idle_SMG_P90,Reload_Crouch_SMG_P90,Stand_Shooting_SMG_P90,none,Stand_Shooting_SMG_P90,Prone_Blend_ASR_M4,Prone_Aim_SMG_P90,Reload_Prone_SMG_P90,Stand_Shooting_ASR_AK,Prone_Idle_SMG_P90
SMG_PS90,Idle_SMG_P90,UI_Idle_SMG_P90,Stand_Aim_SMG_P90,Walk_Blend_SMG_P90,Walk_Aim_SMG_P90,Crouch_Blend_SMG_P90,Crouch_Aim_SMG_P90,Run_Blend_SMG_P90,Sprint_Blend_SMG_P90,Reload_Walk_SMG_P90,Reload_Idle_SMG_P90,Reload_Crouch_SMG_P90,Stand_Shooting_SMG_P90,none,none,Prone_Blend_ASR_M4,Prone_Aim_SMG_P90,Reload_Prone_SMG_PS90,Stand_Shooting_ASR_AK,Prone_Idle_SMG_P90
SMG_ScorpionEVO3,Idle_SMG_Scorpion,UI_Idle_SMG_ScorpionEVO,Stand_Aim_SMG_Scorpion,Walk_Blend_SMG_Scorpion,Walk_Aim_SMG_Scorpion,Crouch_Blend_SMG_Scorpion,Crouch_Aim_SMG_Scorpion,Run_Blend_SMG_MP5SD,Sprint_Blend_SMG_MP5SD,Reload_Walk_SMG_Scorpion,Reload_Idle_SMG_Scorpion,Reload_Crouch_SMG_Scorpion,Stand_Shooting_SMG_Scorpion,Zoom_SMG_MP7_Fire,Stand_Shooting_SMG_Scorpion,Prone_Blend_ASR_M4,Prone_Aim_SMG_Scorpion,Reload_Prone_SMG_ScorpionEVO3,Stand_Shooting_ASR_AK,Prone_Idle_SMG_Scorpion
SMG_SR-1_Veresk,Idle_SMG_MP7,UI_Idle_SMG_Veresk,Stand_Aim_SMG_MP7,Walk_Blend_SMG_MP7,Walk_Aim_SMG_MP7,Crouch_Blend_SMG_MP7,Crouch_Aim_SMG_MP7,Run_Blend_SMG_MP5SD,Sprint_Blend_SMG_MP5SD,Reload_Walk_SMG_MP7,Reload_Idle_SMG_MP7,Reload_Crouch_SMG_MP7,Stand_Shooting_SMG_MP7,none,none,Prone_Blend_ASR_M4,Prone_Aim_SMG_MP7,Reload_Prone_SMG_SR-1_Veresk,Stand_Shooting_ASR_AK,Prone_Idle_SMG_MP7
SMG_UZI,Idle_SMG_UZI,UI_Idle_HG,Stand_Aim_SMG_UZI,Walk_Blend_SMG_UZI,Walk_Aim_SMG_UZI,Crouch_Blend_SMG_UZI,Crouch_Aim_SMG_UZI,Run_Blend_HG_Main,Sprint_Blend_HG_Main,Reload_Walk_SMG_UZI,Reload_Idle_SMG_UZI,Reload_Crouch_SMG_UZI,Stand_Shooting_SMG_UZI,none,none,Prone_Blend_ASR_M4,Prone_Aim_SMG_UZI,Reload_Prone_SMG_UZI,Stand_Shooting_ASR_AK,Prone_Idle_SMG_UZI
SNP_AW,Idle_ASR_M4,UI_Idle_SNP_AW,Stand_Aim_ASR_M4,Walk_Blend_ASR_M4,Walk_Aim_ASR_M4,Crouch_Blend_SNP,Crouch_Aim_ASR_M4,Run_Blend_SNP,Sprint_Blend_SNP,Reload_Walk_SNP_AW,Reload_Idle_SNP_AW,Reload_Crouch_SNP_AW,Stand_Shooting_SNP_AW,Zoom_ASR_Scar_Fire,Stand_Shooting_SNP_AW,Prone_Blend_ASR_M4,Prone_Aim_SNP_SVD,Reload_Prone_SNP_AW,Stand_Shooting_ASR_AK,Prone_Idle_SNP_SVD
SNP_AW50,Idle_ASR_M4,UI_Idle_SNP_AW,Stand_Aim_ASR_M4,Walk_Blend_ASR_M4,Walk_Aim_ASR_M4,Crouch_Blend_SNP,Crouch_Aim_ASR_M4,Run_Blend_SNP,Sprint_Blend_SNP,Reload_Walk_SNP_Bolt_01_v1,Reload_Idle_SNP_Bolt_01_v1,Reload_Crouch_SNP_Bolt_01_v1,Stand_Shooting_SNP_Single,Zoom_ASR_Scar_Fire,Stand_Shooting_SNP_Single,Prone_Blend_ASR_M4,Prone_Aim_SNP_SVD,Reload_Prone_SNP_AW50,Stand_Shooting_ASR_AK,Prone_Idle_SNP_SVD
SNP_AW_Des,Idle_ASR_M4,UI_Idle_SNP_AW,Stand_Aim_ASR_M4,Walk_Blend_ASR_M4,Walk_Aim_ASR_M4,Crouch_Blend_SNP,Crouch_Aim_ASR_M4,Run_Blend_SNP,Sprint_Blend_SNP,Reload_Walk_SNP_Bolt_01_v1,Reload_Idle_SNP_Bolt_01_v1,Reload_Crouch_SNP_Bolt_01_v1,Stand_Shooting_SNP_Single,none,none,Prone_Blend_ASR_M4,Prone_Aim_SNP_SVD,Reload_Prone_SNP_AW_Des,Stand_Shooting_ASR_AK,Prone_Idle_SNP_SVD
SNP_Crossbow,Idle_ASR_M4,UI_Idle_SNP_AW,Stand_Aim_ASR_M4,Walk_Blend_ASR_M4,Walk_Aim_ASR_M4,Crouch_Blend_SNP,Crouch_Aim_ASR_M4,Run_Blend_SNP,Sprint_Blend_SNP,Reload_Walk_SNP_Crossbow,Reload_Idle_SNP_Crossbow,Reload_Crouch_SNP_Crossbow,Stand_Shooting_SNP_AW,Zoom_ASR_Scar_Fire,Stand_Shooting_SNP_AW,Prone_Blend_SNP_Crossbow,Prone_Aim_ASR_M4,Reload_Prone_SNP_Crossbow,Stand_Shooting_ASR_AK,Prone_Idle_SNP_SVD
SNP_M82,Idle_SNP_SVD,UI_Idle_SNP_SVD,Stand_Aim_SNP_SVD,Walk_Blend_SNP_SVD,Walk_Aim_SNP_SVD,Crouch_Blend_SNP,Crouch_Aim_SNP_SVD,Run_Blend_SNP,Sprint_Blend_SNP,Reload_Walk_SNP_M82,Reload_Idle_SNP_M82,Reload_Crouch_SNP_M82,Stand_Shooting_SNP_SVD,none,none,Prone_Blend_ASR_M4,Prone_Aim_SNP_SVD,Reload_Prone_SNP_M82,Stand_Shooting_ASR_AK,Prone_Idle_SNP_SVD
SNP_SVD_PSO,Idle_SNP_SVD,UI_Idle_SNP_SVD,Stand_Aim_SNP_SVD,Walk_Blend_SNP_SVD,Walk_Aim_SNP_SVD,Crouch_Blend_SNP,Crouch_Aim_SNP_SVD,Run_Blend_SNP,Sprint_Blend_SNP,Reload_Walk_SNP_SVD,Reload_Idle_SNP_SVD,Reload_Crouch_SNP_SVD,Stand_Shooting_SNP_SVD,Zoom_ASR_Scar_Fire,Stand_Shooting_SNP_SVD,Prone_Blend_ASR_M4,Prone_Aim_SNP_SVD,Reload_Prone_SNP_SVD_PSO,Stand_Shooting_ASR_AK,Prone_Idle_SNP_SVD
SNP_Vintorez,Idle_SNP_Vintorez,UI_Idle_SNP_SVD,Stand_Aim_ASR_M4,Walk_Blend_ASR_M4,Walk_Aim_ASR_M4,Crouch_Blend_SNP,Crouch_Aim_ASR_M4,Run_Blend_SNP,Sprint_Blend_SNP,Reload_Walk_SNP_Vintorez,Reload_Idle_SNP_Vintorez,Reload_Crouch_SNP_Vintorez,Stand_Shooting_SNP_Vintorez,Zoom_ASR_M4_Fire,Stand_Shooting_SNP_Vintorez,Prone_Blend_ASR_M4,Prone_Aim_SNP_SVD,Reload_Prone_SNP_Vintorez,Stand_Shooting_ASR_AK,Prone_Idle_SNP_SVD
SNP_Blaser_lrs2_01,Idle_SNP_Blaser,UI_Idle_SNP_AW,Stand_Aim_ASR_M4,Walk_Blend_ASR_M4,Walk_Aim_ASR_M4,Crouch_Blend_SNP,Crouch_Aim_ASR_M4,Run_Blend_SNP,Sprint_Blend_SNP,Reload_Walk_SNP_Blaser,Reload_Idle_SNP_Blaser,Reload_Crouch_SNP_Blaser,Stand_Shooting_SNP_Blaser,none,none,Prone_Blend_ASR_M4,Prone_Aim_SNP_SVD,Reload_Prone_ASR_M4_01,Stand_Shooting_ASR_AK,Prone_Idle_SNP_SVD
Consumables_Med_01,Idle_Grenade_01,UI_Idle_EXP_SmokeG,Stand_Aim_Grenade_01,Walk_Blend_Grenade_01,Walk_Aim_Grenade_01,Crouch_Blend_Grenade_01,Crouch_Aim_Grenade_01,Run_Blend_Grenade_01,Sprint_Blend_Grenade_01,none,none,none,none,none,none,Prone_Blend_MEL_Knife_01,Prone_Aim_ASR_M4,Reload_Prone_ASR_M4_01,Stand_Shooting_ASR_AK,Prone_Idle_MEL_Knife_01
Consumables_PainKiller_01,Idle_Grenade_01,UI_Idle_EXP_SmokeG,Stand_Aim_Grenade_01,Walk_Blend_Grenade_01,Walk_Aim_Grenade_01,Crouch_Blend_Grenade_01,Crouch_Aim_Grenade_01,Run_Blend_Grenade_01,Sprint_Blend_Grenade_01,none,none,none,none,none,none,Prone_Blend_MEL_Knife_01,Prone_Aim_ASR_M4,Reload_Prone_ASR_M4_01,Stand_Shooting_ASR_AK,Prone_Idle_MEL_Knife_01
Consumables_ZombieRepellent_01,Idle_Grenade_01,UI_Idle_EXP_SmokeG,Stand_Aim_Grenade_01,Walk_Blend_Grenade_01,Walk_Aim_Grenade_01,Crouch_Blend_Grenade_01,Crouch_Aim_Grenade_01,Run_Blend_Grenade_01,Sprint_Blend_Grenade_01,none,none,none,none,none,none,Prone_Blend_MEL_Knife_01,Prone_Aim_ASR_M4,Reload_Prone_ASR_M4_01,Stand_Shooting_ASR_AK,Prone_Idle_MEL_Knife_01
Item_medkit_01,Idle_VS50,UI_Idle_EXP_VS50_A,Stand_Aim_Grenade_01,Walk_Blend_Grenade_01,Walk_Aim_Grenade_01,Crouch_Blend_VS50,Crouch_Aim_Grenade_01,Run_Blend_VS50,Sprint_Blend_VS50,none,none,none,none,none,none,Prone_Blend_Medkit,Prone_Aim_ASR_M4,Reload_Prone_ASR_M4_01,Stand_Shooting_ASR_AK,Prone_Idle_VS50
Item_bandage_01,Idle_VS50,UI_Idle_EXP_VS50_A,Stand_Aim_Grenade_01,Walk_Blend_Grenade_01,Walk_Aim_Grenade_01,Crouch_Blend_VS50,Crouch_Aim_Grenade_01,Run_Blend_VS50,Sprint_Blend_VS50,none,none,none,none,none,none,Prone_Blend_MEL_Knife_01,Prone_Aim_ASR_M4,Reload_Prone_ASR_M4_01,Stand_Shooting_ASR_AK,Prone_Idle_MEL_Knife_01
Item_bandage_02,Idle_VS50,UI_Idle_EXP_VS50_A,Stand_Aim_Grenade_01,Walk_Blend_Grenade_01,Walk_Aim_Grenade_01,Crouch_Blend_VS50,Crouch_Aim_Grenade_01,Run_Blend_VS50,Sprint_Blend_VS50,none,none,none,none,none,none,Prone_Blend_MEL_Knife_01,Prone_Aim_ASR_M4,Reload_Prone_ASR_M4_01,Stand_Shooting_ASR_AK,Prone_Idle_MEL_Knife_01
Mel_Knife_01,Idle_MEL_Knife_01,UI_Idle_MEL_Knife_01,Stand_Aim_MEL_Knife_01,Walk_Aim_MEL_Knife_01,Walk_Aim_MEL_Knife_01,Crouch_Blend_MEL_Knife_01,Crouch_Aim_MEL_Knife_01,Run_Blend_MEL_Knife_01,Sprint_Blend_MEL_Knife_01,none,none,none,Stand_Shooting_Mel_Knife_stab,Stand_Shooting_Mel_Knife_stab,Stand_Shooting_Mel_Knife_stab,Prone_Blend_MEL_Knife_01,Prone_Aim_MEL_Knife_01,Reload_Prone_ASR_M4_01,Stand_Shooting_Mel_Knife_stab,Prone_Idle_MEL_Knife_01
Mel_baseballbat_01,Idle_MEL_Bat_01,UI_Idle_MEL_Knife_01,Stand_Aim_MEL_Bat_01,Walk_Aim_MEL_Bat_01,Walk_Aim_MEL_Bat_01,Crouch_Blend_MEL_Knife_01,Crouch_Aim_MEL_Knife_01,Run_Blend_MEL_Bat_01,Sprint_Blend_MEL_Bat_01,none,none,none,Stand_Shooting_Mel_Bat_01,Stand_Shooting_Mel_Bat_01,Stand_Shooting_Mel_Bat_01,Prone_Blend_MEL_Bat_01,Prone_Aim_MEL_Bat_01,Reload_Prone_ASR_M4_01,Stand_Shooting_ASR_AK,Prone_Idle_MEL_Bat_01
Item_Syringe_01_Vaccine,Idle_Grenade_01,UI_Idle_EXP_SmokeG,Stand_Aim_Grenade_01,Walk_Blend_Grenade_01,Walk_Aim_Grenade_01,Crouch_Blend_Grenade_01,Crouch_Aim_Grenade_01,Run_Blend_Grenade_01,Sprint_Blend_Grenade_01,none,none,none,Stand_Shooting_Syringe_01,Stand_Shooting_Syringe_01,Stand_Shooting_Syringe_01,Prone_Blend_MEL_Knife_01,Prone_Aim_ASR_M4,Reload_Prone_ASR_M4_01,Stand_Shooting_ASR_AK,Prone_Idle_MEL_Knife_01
Item_Syringe_01_GC_Vaccine,Idle_Grenade_01,UI_Idle_EXP_SmokeG,Stand_Aim_Grenade_01,Walk_Blend_Grenade_01,Walk_Aim_Grenade_01,Crouch_Blend_Grenade_01,Crouch_Aim_Grenade_01,Run_Blend_Grenade_01,Sprint_Blend_Grenade_01,none,none,none,Stand_Shooting_Syringe_01,Stand_Shooting_Syringe_01,Stand_Shooting_Syringe_01,Prone_Blend_MEL_Knife_01,Prone_Aim_ASR_M4,Reload_Prone_ASR_M4_01,Stand_Shooting_ASR_AK,Prone_Idle_MEL_Knife_01
Mel_Flashlight,Idle_MEL_Flash_01,UI_Idle_MEL_Knife_01,Stand_Aim_MEL_Flash_01,Walk_Aim_MEL_Flash_01,Walk_Aim_MEL_Flash_01,Crouch_Blend_MEL_Flash_01,Crouch_Aim_MEL_Flash_01,Run_Blend_MEL_Flash_01,Sprint_Blend_MEL_Flash_01,none,none,none,Stand_Shooting_Mel_Flash_01,Stand_Shooting_Mel_Flash_01,Stand_Shooting_Mel_Flash_01,Prone_Blend_MEL_Flash_01,Prone_Aim_MEL_Flash_01,Reload_Prone_ASR_M4_01,Stand_Shooting_ASR_AK,Prone_Idle_MEL_Flash_01
MEL_Hammer,Idle_MEL_Knife_01,UI_Idle_MEL_Knife_01,Stand_Aim_MEL_Knife_01,Walk_Aim_MEL_Knife_01,Walk_Aim_MEL_Knife_01,Crouch_Blend_MEL_Knife_01,Crouch_Aim_MEL_Knife_01,Run_Blend_MEL_Knife_01,Sprint_Blend_MEL_Knife_01,none,none,none,Stand_Shooting_Mel_Hammer,Stand_Shooting_Mel_Hammer,Stand_Shooting_Mel_Hammer,Prone_Blend_MEL_Knife_01,Prone_Aim_MEL_Knife_01,Reload_Prone_ASR_M4_01,Stand_Shooting_ASR_AK,Prone_Idle_MEL_Knife_01
MEL_Hatchet,Idle_MEL_Knife_01,UI_Idle_MEL_Knife_01,Stand_Aim_MEL_Knife_01,Walk_Aim_MEL_Knife_01,Walk_Aim_MEL_Knife_01,Crouch_Blend_MEL_Knife_01,Crouch_Aim_MEL_Knife_01,Run_Blend_MEL_Knife_01,Sprint_Blend_MEL_Knife_01,none,none,none,Stand_Shooting_Mel_Hammer,Stand_Shooting_Mel_Hammer,Stand_Shooting_Mel_Hammer,Prone_Blend_MEL_Knife_01,Prone_Aim_MEL_Knife_01,Reload_Prone_ASR_M4_01,Stand_Shooting_ASR_AK,Prone_Idle_MEL_Knife_01
MEL_Pickaxe,Idle_MEL_Bat_01,UI_Idle_MEL_Knife_01,Stand_Aim_MEL_Bat_01,Walk_Aim_MEL_Knife_01,Walk_Aim_MEL_Knife_01,Crouch_Blend_MEL_Knife_01,Crouch_Aim_MEL_Knife_01,Run_Blend_MEL_Bat_01,Sprint_Blend_MEL_Bat_01,none,none,none,Stand_Shooting_Mel_Bat_01,Stand_Shooting_Mel_Bat_01,Stand_Shooting_Mel_Bat_01,Prone_Blend_MEL_Bat_01,Prone_Aim_MEL_Bat_01,Reload_Prone_ASR_M4_01,Stand_Shooting_ASR_AK,Prone_Idle_MEL_Bat_01
EXP_M26,Idle_Grenade_01,UI_Idle_EXP_SmokeG,Stand_Aim_Grenade_01,Walk_Blend_Grenade_01,Walk_Aim_Grenade_01,Crouch_Blend_Grenade_01,Crouch_Aim_Grenade_01,Run_Blend_Grenade_01,Sprint_Blend_Grenade_01,none,none,none,none,none,none,Prone_Blend_Grenade_01,Prone_Aim_Grenade_01,Reload_Prone_Grenade_01,none,Prone_Idle_Grenade_01
Item_Chemlight,Idle_Grenade_01,UI_Idle_EXP_SmokeG,Stand_Aim_Grenade_01,Walk_Blend_Grenade_01,Walk_Aim_Grenade_01,Crouch_Blend_Grenade_01,Crouch_Aim_Grenade_01,Run_Blend_Grenade_01,Sprint_Blend_Grenade_01,none,none,none,none,none,none,none,none,none,none,none
EXP_Flare,Idle_Grenade_01,UI_Idle_EXP_SmokeG,Stand_Aim_Grenade_01,Walk_Blend_Grenade_01,Walk_Aim_Grenade_01,Crouch_Blend_Grenade_01,Crouch_Aim_Grenade_01,Run_Blend_Grenade_01,Sprint_Blend_Grenade_01,none,none,none,none,none,none,none,none,none,none,none
MEL_BaseballBat_Spikes_01,Idle_MEL_Bat_01,UI_Idle_MEL_Knife_01,Stand_Aim_MEL_Knife_01,Walk_Aim_MEL_Knife_01,Walk_Aim_MEL_Knife_01,Crouch_Blend_MEL_Knife_01,Crouch_Aim_MEL_Knife_01,Run_Blend_MEL_Bat_01,Sprint_Blend_MEL_Bat_01,none,none,none,Stand_Shooting_Mel_Bat_01,Stand_Shooting_Mel_Bat_01,Stand_Shooting_Mel_Bat_01,Prone_Blend_MEL_Bat_01,Prone_Aim_MEL_Bat_01,Reload_Prone_ASR_M4_01,Stand_Shooting_ASR_AK,Prone_Idle_MEL_Bat_01
MEL_BaseballBat_02,Idle_MEL_Bat_01,UI_Idle_MEL_Knife_01,Stand_Aim_MEL_Knife_01,Walk_Aim_MEL_Knife_01,Walk_Aim_MEL_Knife_01,Crouch_Blend_MEL_Knife_01,Crouch_Aim_MEL_Knife_01,Run_Blend_MEL_Bat_01,Sprint_Blend_MEL_Bat_01,none,none,none,Stand_Shooting_Mel_Bat_01,Stand_Shooting_Mel_Bat_01,Stand_Shooting_Mel_Bat_01,Prone_Blend_MEL_Bat_01,Prone_Aim_MEL_Bat_01,Reload_Prone_ASR_M4_01,Stand_Shooting_ASR_AK,Prone_Idle_MEL_Bat_01
Mel_CandyCane_01,Idle_MEL_Bat_01,UI_Idle_MEL_Knife_01,Stand_Aim_MEL_Bat_01,Walk_Aim_MEL_Bat_01,Walk_Aim_MEL_Bat_01,Crouch_Blend_MEL_Knife_01,Crouch_Aim_MEL_Knife_01,Run_Blend_MEL_Bat_01,Sprint_Blend_MEL_Bat_01,none,none,none,Stand_Shooting_Mel_Bat_01,Stand_Shooting_Mel_Bat_01,Stand_Shooting_Mel_Bat_01,Prone_Blend_MEL_Bat_01,Prone_Aim_MEL_Bat_01,Reload_Prone_ASR_M4_01,Stand_Shooting_ASR_AK,Prone_Idle_MEL_Bat_01
Item_Binocular,Idle_LLDR,UI_Idle_SUP_LLDR,Stand_Aim_LLDR_01,Walk_Blend_Grenade_01,Walk_Aim_Grenade_01,Crouch_Blend_LLDR,Crouch_Aim_Grenade_01,Run_Blend_LLDR,Sprint_Blend_LLDR,none,none,none,Stand_Place_LLDR,Stand_Place_LLDR,Stand_Place_LLDR,Prone_Blend_MEL_Knife_01,Prone_Aim_ASR_M4,Reload_Prone_ASR_M4_01,Stand_Shooting_ASR_AK,Prone_Idle_MEL_Knife_01
Item_Barricade_BarbWire,Idle_VS50,UI_Idle_EXP_VS50_A,Stand_Aim_Grenade_01,Walk_Blend_Grenade_01,Walk_Aim_Grenade_01,Crouch_Blend_VS50,Crouch_Aim_Grenade_01,Run_Blend_VS50,Sprint_Blend_VS50,none,none,none,none,none,none,Prone_Blend_VS50,Prone_Aim_VS50,Reload_Prone_ASR_M4_01,Stand_Shooting_ASR_AK,Prone_Idle_VS50
Item_Barricade_WoodShield,Idle_VS50,UI_Idle_EXP_VS50_A,Stand_Aim_Grenade_01,Walk_Blend_Grenade_01,Walk_Aim_Grenade_01,Crouch_Blend_VS50,Crouch_Aim_Grenade_01,Run_Blend_VS50,Sprint_Blend_VS50,none,none,none,none,none,none,Prone_Blend_VS50,Prone_Aim_ASR_M4,Reload_Prone_ASR_M4_01,Stand_Shooting_ASR_AK,Prone_Idle_VS50
Item_Riot_Shield_Crate_01,Idle_Item,UI_Idle_EXP_Satchel,Stand_Aim_Grenade_01,Walk_Blend_Grenade_01,Walk_Aim_Grenade_01,Crouch_Blend_Item,Crouch_Aim_Grenade_01,Run_Blend_Item,Sprint_Blend_Item,none,none,none,none,none,none,Prone_Blend_Medkit,Prone_Aim_ASR_M4,Reload_Prone_ASR_M4_01,Stand_Shooting_ASR_AK,Prone_Idle_VS50
Item_MsgBottle,Idle_Grenade_01,UI_Idle_EXP_SmokeG,Stand_Aim_Grenade_01,Walk_Blend_Grenade_01,Walk_Aim_Grenade_01,Crouch_Blend_Grenade_01,Crouch_Aim_Grenade_01,Run_Blend_Grenade_01,Sprint_Blend_Grenade_01,none,none,none,none,none,none,Prone_Blend_MsgBottle,none,none,none,Prone_Idle_MsgBottle
Item_RangeFinder,Idle_LLDR,UI_Idle_SUP_LLDR,Stand_Aim_LLDR_01,Walk_Blend_Grenade_01,Walk_Aim_Grenade_01,Crouch_Blend_LLDR,Crouch_Aim_Grenade_01,Run_Blend_LLDR,Sprint_Blend_LLDR,none,none,none,Stand_Place_LLDR,Stand_Place_LLDR,Stand_Place_LLDR,Prone_Blend_MEL_Knife_01,Prone_Aim_ASR_M4,Reload_Prone_ASR_M4_01,Stand_Shooting_ASR_AK,Prone_Idle_MEL_Knife_01
Item_airhorn,Idle_Airhorn,UI_Idle_EXP_VS50_A,Stand_Aim_Grenade_01,Walk_Blend_Grenade_01,Walk_Aim_Grenade_01,Crouch_Blend_VS50,Crouch_Aim_Grenade_01,Run_Blend_Airhorn,Sprint_Blend_Airhorn,none,none,none,none,none,none,Prone_Blend_MsgBottle,Prone_Aim_ASR_M4,Reload_Prone_ASR_M4_01,Stand_Shooting_ASR_AK,Prone_Idle_Airhorn
Item_Barricade_sandbag,Idle_VS50,UI_Idle_EXP_VS50_A,Stand_Aim_Grenade_01,Walk_Blend_Grenade_01,Walk_Aim_Grenade_01,Crouch_Blend_VS50,Crouch_Aim_Grenade_01,Run_Blend_VS50,Sprint_Blend_VS50,none,none,none,none,none,none,Prone_Blend_Medkit,Prone_Aim_ASR_M4,Reload_Prone_ASR_M4_01,Stand_Shooting_ASR_AK,Prone_Idle_VS50
Item_Chemlight_blue,Idle_Grenade_01,UI_Idle_EXP_SmokeG,Stand_Aim_Grenade_01,Walk_Blend_Grenade_01,Walk_Aim_Grenade_01,Crouch_Blend_Grenade_01,Crouch_Aim_Grenade_01,Run_Blend_Grenade_01,Sprint_Blend_Grenade_01,none,none,none,none,none,none,none,none,none,none,none
Item_Chemlight_green,Idle_Grenade_01,UI_Idle_EXP_SmokeG,Stand_Aim_Grenade_01,Walk_Blend_Grenade_01,Walk_Aim_Grenade_01,Crouch_Blend_Grenade_01,Crouch_Aim_Grenade_01,Run_Blend_Grenade_01,Sprint_Blend_Grenade_01,none,none,none,none,none,none,none,none,none,none,none
Item_Chemlight_orange,Idle_Grenade_01,UI_Idle_EXP_SmokeG,Stand_Aim_Grenade_01,Walk_Blend_Grenade_01,Walk_Aim_Grenade_01,Crouch_Blend_Grenade_01,Crouch_Aim_Grenade_01,Run_Blend_Grenade_01,Sprint_Blend_Grenade_01,none,none,none,none,none,none,none,none,none,none,none
Item_Chemlight_red,Idle_Grenade_01,UI_Idle_EXP_SmokeG,Stand_Aim_Grenade_01,Walk_Blend_Grenade_01,Walk_Aim_Grenade_01,Crouch_Blend_Grenade_01,Crouch_Aim_Grenade_01,Run_Blend_Grenade_01,Sprint_Blend_Grenade_01,none,none,none,none,none,none,none,none,none,none,none
Item_Chemlight_yellow,Idle_Grenade_01,UI_Idle_EXP_SmokeG,Stand_Aim_Grenade_01,Walk_Blend_Grenade_01,Walk_Aim_Grenade_01,Crouch_Blend_Grenade_01,Crouch_Aim_Grenade_01,Run_Blend_Grenade_01,Sprint_Blend_Grenade_01,none,none,none,none,none,none,none,none,none,none,none
MEL_Katana_01,Idle_MEL_Katana_01,UI_Idle_MEL_Knife_01,Stand_Aim_MEL_Katana_01,Walk_Aim_MEL_Bat_01,Walk_Aim_MEL_Bat_01,Crouch_Blend_MEL_Knife_01,Crouch_Aim_MEL_Knife_01,Run_Blend_MEL_Katana_01,Sprint_Blend_MEL_Katana_01,none,none,none,Stand_Shooting_Mel_Katana_01,Stand_Shooting_Mel_Katana_01,Stand_Shooting_Mel_Katana_01,Prone_Blend_MEL_Katana_01,Prone_Blend_MEL_Katana_01,Reload_Prone_ASR_M4_01,Stand_Shooting_ASR_AK,Prone_Idle_Mel_Katana_01
MEL_Katana_01_special,Idle_MEL_Katana_01,UI_Idle_MEL_Knife_01,Stand_Aim_MEL_Katana_01,Walk_Aim_MEL_Bat_01,Walk_Aim_MEL_Bat_01,Crouch_Blend_MEL_Knife_01,Crouch_Aim_MEL_Knife_01,Run_Blend_MEL_Katana_01,Sprint_Blend_MEL_Katana_01,none,none,none,Stand_Shooting_Mel_Katana_01,Stand_Shooting_Mel_Katana_01,Stand_Shooting_Mel_Katana_01,Prone_Blend_MEL_Katana_01,Prone_Aim_MEL_Katana_01,Reload_Prone_ASR_M4_01,Stand_Shooting_ASR_AK,Prone_Idle_MEL_Bat_01
MEL_Katana_02_special,Idle_MEL_Katana_01,UI_Idle_MEL_Knife_01,Stand_Aim_MEL_Katana_01,Walk_Aim_MEL_Bat_01,Walk_Aim_MEL_Bat_01,Crouch_Blend_MEL_Knife_01,Crouch_Aim_MEL_Knife_01,Run_Blend_MEL_Katana_01,Sprint_Blend_MEL_Katana_01,none,none,none,Stand_Shooting_Mel_Katana_01,Stand_Shooting_Mel_Katana_01,Stand_Shooting_Mel_Katana_01,Prone_Blend_MEL_Katana_01,Prone_Aim_MEL_Katana_01,Reload_Prone_ASR_M4_01,Stand_Shooting_ASR_AK,Prone_Idle_MEL_Bat_01
Mel_Machete_01,Idle_MEL_Knife_01,UI_Idle_MEL_Knife_01,Stand_Aim_MEL_Knife_01,Walk_Aim_MEL_Knife_01,Walk_Aim_MEL_Knife_01,Crouch_Blend_MEL_Knife_01,Crouch_Aim_MEL_Knife_01,Run_Blend_MEL_Knife_01,Sprint_Blend_MEL_Knife_01,none,none,none,Stand_Shooting_Mel_Machete,Stand_Shooting_Mel_Machete,Stand_Shooting_Mel_Machete,Prone_Blend_MEL_Knife_01,Prone_Aim_MEL_Knife_01,Reload_Prone_ASR_M4_01,Stand_Shooting_ASR_AK,Prone_Idle_MEL_Knife_01
MEL_Canoe_paddle,Idle_MEL_Bat_01,UI_Idle_MEL_Knife_01,Stand_Aim_MEL_Bat_01,Walk_Aim_MEL_Bat_01,Walk_Aim_MEL_Bat_01,Crouch_Blend_MEL_Knife_01,Crouch_Aim_MEL_Knife_01,Run_Blend_MEL_Bat_01,Sprint_Blend_MEL_Bat_01,none,none,none,Stand_Shooting_Mel_Bat_01,Stand_Shooting_Mel_Bat_01,Stand_Shooting_Mel_Bat_01,Prone_Blend_MEL_Bat_01,Prone_Aim_MEL_Bat_01,Reload_Prone_ASR_M4_01,Stand_Shooting_ASR_AK,Prone_Idle_MEL_Bat_01
MEL_Shovel,Idle_MEL_Bat_01,UI_Idle_MEL_Knife_01,Stand_Aim_MEL_Bat_01,Walk_Aim_MEL_Bat_01,Walk_Aim_MEL_Bat_01,Crouch_Blend_MEL_Knife_01,Crouch_Aim_MEL_Knife_01,Run_Blend_MEL_Bat_01,Sprint_Blend_MEL_Bat_01,none,none,none,Stand_Shooting_Mel_Bat_01,Stand_Shooting_Mel_Bat_01,Stand_Shooting_Mel_Bat_01,Prone_Blend_MEL_Bat_01,Prone_Aim_MEL_Bat_01,Reload_Prone_ASR_M4_01,Stand_Shooting_ASR_AK,Prone_Idle_MEL_Bat_01
MEL_Cricket_bat,Idle_MEL_Knife_01,UI_Idle_MEL_Knife_01,Stand_Aim_MEL_Knife_01,Walk_Aim_MEL_Knife_01,Walk_Aim_MEL_Knife_01,Crouch_Blend_MEL_Knife_01,Crouch_Aim_MEL_Knife_01,Run_Blend_MEL_Knife_01,Sprint_Blend_MEL_Knife_01,none,none,none,Stand_Shooting_Mel_Hammer,Stand_Shooting_Mel_Hammer,Stand_Shooting_Mel_Hammer,Prone_Blend_MEL_Knife_01,Prone_Aim_MEL_Knife_01,Reload_Prone_ASR_M4_01,Stand_Shooting_ASR_AK,Prone_Idle_MEL_Knife_01
MEL_BrassKnuckles,Idle_MEL_Knife_01,UI_Idle_MEL_Knife_01,Stand_Aim_MEL_Knife_01,Walk_Aim_MEL_Knife_01,Walk_Aim_MEL_Knife_01,Crouch_Blend_MEL_Knife_01,Crouch_Aim_MEL_Knife_01,Run_Blend_MEL_Knife_01,Sprint_Blend_MEL_Knife_01,none,none,none,Stand_Shooting_Mel_Hands_01,Stand_Shooting_Mel_Hands_01,Stand_Shooting_Mel_Hands_01,Prone_Blend_MEL_Knife_01,Prone_Aim_MEL_Knife_01,Reload_Prone_ASR_M4_01,Stand_Shooting_Mel_Hands_01,Prone_Idle_MEL_Knife_01
Mel_ButterflyKnife,Idle_MEL_Knife_01,UI_Idle_MEL_Knife_01,Stand_Aim_MEL_Knife_01,Walk_Aim_MEL_Knife_01,Walk_Aim_MEL_Knife_01,Crouch_Blend_MEL_Knife_01,Crouch_Aim_MEL_Knife_01,Run_Blend_MEL_Knife_01,Sprint_Blend_MEL_Knife_01,none,none,none,Stand_Shooting_Mel_Knife_slash,Stand_Shooting_Mel_Knife_slash,Stand_Shooting_Mel_Knife_slash,Prone_Blend_MEL_Knife_01,Prone_Aim_MEL_Knife_01,Reload_Prone_ASR_M4_01,Stand_Shooting_Mel_Knife_slash,Prone_Idle_MEL_Knife_01
Mel_Crowbar,Idle_MEL_Knife_01,UI_Idle_MEL_Knife_01,Stand_Aim_MEL_Knife_01,Walk_Aim_MEL_Knife_01,Walk_Aim_MEL_Knife_01,Crouch_Blend_MEL_Knife_01,Crouch_Aim_MEL_Knife_01,Run_Blend_MEL_Knife_01,Sprint_Blend_MEL_Knife_01,none,none,none,Stand_Shooting_Mel_Hammer,Stand_Shooting_Mel_Hammer,Stand_Shooting_Mel_Hammer,Prone_Blend_MEL_Knife_01,Prone_Aim_MEL_Knife_01,Reload_Prone_ASR_M4_01,Stand_Shooting_ASR_AK,Prone_Idle_MEL_Knife_01
Mel_FireAxe,Idle_MEL_Bat_01,UI_Idle_MEL_Knife_01,Stand_Aim_MEL_Bat_01,Walk_Aim_MEL_Bat_01,Walk_Aim_MEL_Bat_01,Crouch_Blend_MEL_Knife_01,Crouch_Aim_MEL_Knife_01,Run_Blend_MEL_Bat_01,Sprint_Blend_MEL_Bat_01,none,none,none,Stand_Shooting_Mel_FireAxe,Stand_Shooting_Mel_FireAxe,Stand_Shooting_Mel_FireAxe,Prone_Blend_MEL_Bat_01,Prone_Aim_MEL_Bat_01,Reload_Prone_ASR_M4_01,Stand_Shooting_ASR_AK,Prone_Idle_MEL_Bat_01
Mel_FryingPan,Idle_MEL_Knife_01,UI_Idle_MEL_Knife_01,Stand_Aim_MEL_Knife_01,Walk_Aim_MEL_Knife_01,Walk_Aim_MEL_Knife_01,Crouch_Blend_MEL_Knife_01,Crouch_Aim_MEL_Knife_01,Run_Blend_MEL_Knife_01,Sprint_Blend_MEL_Knife_01,none,none,none,Stand_Shooting_Mel_FryingPan,Stand_Shooting_Mel_FryingPan,Stand_Shooting_Mel_FryingPan,Prone_Blend_MEL_Knife_01,Prone_Aim_MEL_Knife_01,Reload_Prone_ASR_M4_01,Stand_Shooting_Mel_FryingPan,Prone_Idle_MEL_Knife_01
Mel_GardenShears,Idle_MEL_GardenShears,UI_Idle_MEL_Knife_01,Stand_Aim_MEL_GardenShears,Walk_Aim_MEL_Knife_01,Walk_Aim_MEL_GardenShears,Crouch_Blend_MEL_GardenShears,Crouch_Aim_MEL_GardenShears,Run_Blend_MEL_GardenShears,Sprint_Blend_MEL_GardenShears,none,none,none,Stand_Shooting_Mel_GardenShears,Stand_Shooting_Mel_GardenShears,Stand_Shooting_Mel_GardenShears,Prone_Blend_MEL_GardenShears,Prone_Aim_MEL_GardenShears,none,Stand_Shooting_Mel_GardenShears,Prone_Idle_MEL_GardenShears
Mel_Nailgun,Idle_HG_Main,UI_Idle_HG,Stand_Aim_MEL_NailGun_01,Walk_Blend_HG_Main,Walk_Aim_HG_Main,Crouch_Blend_HG_Main,Crouch_Aim_HG_Main,Run_Blend_HG_Main,Sprint_Blend_HG_Main,Reload_Walk_Mel_NailGun_01,Reload_Idle_MEL_NailGun_01,Reload_Crouch_MEL_NailGun_01,Stand_Shooting_HG_Main,Zoom_HG_Main_Fire,Stand_Shooting_HG_Main,Prone_Blend_ASR_M4,Prone_Aim_HG_Main,Reload_Prone_MEL_NailGun_01,Stand_Shooting_HG_Main,Prone_Idle_HG_Main
Mel_Power_Drill,Idle_HG_Main,UI_Idle_HG,Stand_Aim_MEL_Drill_01,Walk_Blend_HG_Main,Walk_Aim_HG_Main,Crouch_Blend_HG_Main,Crouch_Aim_HG_Main,Run_Blend_HG_Main,Sprint_Blend_HG_Main,Reload_Walk_HG_Colt_Anaconda,Reload_Idle_HG_Colt_Anaconda,Reload_Crouch_HG_Colt_Anaconda,Stand_Shooting_HG_Main,Zoom_HG_Main_Fire,Stand_Shooting_HG_Main,Prone_Blend_ASR_M4,Prone_Aim_HG_Main,Reload_Prone_HG_Colt_Anaconda,Stand_Shooting_ASR_AK,Prone_Idle_HG_Main
Mel_PoliceBaton,Idle_MEL_PoliceBaton,UI_Idle_MEL_Knife_01,Stand_Aim_MEL_PoliceBaton,Walk_Aim_MEL_PoliceBaton,Walk_Aim_MEL_PoliceBaton,Crouch_Blend_MEL_PoliceBaton,Crouch_Aim_MEL_PoliceBaton,Run_Blend_MEL_PoliceBaton,Sprint_Blend_MEL_PoliceBaton,none,none,none,Stand_Shooting_Mel_PoliceBaton,Stand_Shooting_Mel_PoliceBaton,Stand_Shooting_Mel_PoliceBaton,Prone_Blend_MEL_PoliceBaton,Prone_Aim_MEL_PoliceBaton,none,Stand_Shooting_MEL_PoliceBaton,Prone_Idle_MEL_PoliceBaton
Mel_Pitchfork,Idle_MEL_Pitchfork,UI_Idle_MEL_Knife_01,Stand_Aim_MEL_Pitchfork,Walk_Aim_MEL_Pitchfork,Walk_Aim_MEL_Pitchfork,Crouch_Blend_MEL_Pitchfork,Crouch_Aim_MEL_Pitchfork,Run_Blend_MEL_Pitchfork,Sprint_Blend_MEL_Pitchfork,none,none,none,Stand_Shooting_Mel_Pitchfork,Stand_Shooting_Mel_Pitchfork,Stand_Shooting_Mel_Pitchfork,Prone_Blend_MEL_Pitchfork,Prone_Aim_MEL_Pitchfork,Reload_Prone_ASR_M4_01,Stand_Shooting_ASR_AK,Prone_Idle_MEL_Bat_01
Mel_Golf_Club,Idle_MEL_Bat_01,UI_Idle_MEL_Knife_01,Stand_Aim_MEL_Bat_01,Walk_Aim_MEL_Bat_01,Walk_Aim_MEL_Bat_01,Crouch_Blend_MEL_Knife_01,Crouch_Aim_MEL_Knife_01,Run_Blend_MEL_Bat_01,Sprint_Blend_MEL_Bat_01,none,none,none,Stand_Shooting_Mel_GolfClub,Stand_Shooting_Mel_GolfClub,Stand_Shooting_Mel_GolfClub,Prone_Blend_MEL_Bat_01,Prone_Aim_MEL_Bat_01,Reload_Prone_ASR_M4_01,Stand_Shooting_ASR_AK,Prone_Idle_MEL_Bat_01
Mel_Wrench,Idle_MEL_Knife_01,UI_Idle_MEL_Knife_01,Stand_Aim_MEL_Knife_01,Walk_Aim_MEL_Knife_01,Walk_Aim_MEL_Knife_01,Crouch_Blend_MEL_Knife_01,Crouch_Aim_MEL_Knife_01,Run_Blend_MEL_Knife_01,Sprint_Blend_MEL_Knife_01,none,none,none,Stand_Shooting_Mel_Knife_slash,Stand_Shooting_Mel_Knife_slash,Stand_Shooting_Mel_Knife_slash,Prone_Blend_MEL_Knife_01,Prone_Aim_MEL_Knife_01,Reload_Prone_ASR_M4_01,Stand_Shooting_ASR_AK,Prone_Idle_MEL_Knife_01
MEL_Chainsaw,Idle_MEL_Chainsaw,UI_Idle_ASR_M4,Stand_Aim_Mel_Chainsaw,Walk_Blend_Mel_Chainsaw,Walk_Aim_Mel_Chainsaw,Crouch_Blend_MEL_Chainsaw,Crouch_Aim_ASR_mini14,Run_Blend_Mel_Chainsaw,Sprint_Blend_MEL_Chainsaw,Reload_Walk_ASR_mini14,Reload_Idle_ASR_Mosin,Reload_Crouch_ASR_mini14,Stand_Shooting_MEL_Chainsaw,Stand_Shooting_MEL_Chainsaw2,Stand_Shooting_MEL_Chainsaw,Prone_Blend_ASR_M4,Prone_Aim_MEL_Chainsaw,Reload_Prone_ASR_mini14,Stand_Shooting_MEL_Chainsaw,Prone_Idle_MEL_Chainsaw
Item_Lockbox_01_Crate,Idle_VS50,UI_Idle_EXP_VS50_A,Stand_Aim_Grenade_01,Walk_Blend_Grenade_01,Walk_Aim_Grenade_01,Crouch_Blend_VS50,Crouch_Aim_Grenade_01,Run_Blend_VS50,Sprint_Blend_VS50,none,none,none,none,none,none,Prone_Blend_VS50,Prone_Aim_ASR_M4,Reload_Prone_ASR_M4_01,Stand_Shooting_ASR_mini14,Prone_Idle_VS50
Block_Farm_ChipBag_01,Idle_Item,UI_Idle_EXP_Satchel,Stand_Aim_Grenade_01,Walk_Blend_Grenade_01,Walk_Aim_Grenade_01,Crouch_Blend_Item,Crouch_Aim_Grenade_01,Run_Blend_Item,Sprint_Blend_Item,none,none,none,none,none,none,Prone_Blend_VS50,Prone_Aim_ASR_M4,Reload_Prone_ASR_M4_01,Stand_Shooting_ASR_mini14,Prone_Idle_Item_01
Block_Veg_Apple_01,Idle_VS50,UI_Idle_EXP_VS50_A,Stand_Aim_Grenade_01,Walk_Blend_Grenade_01,Walk_Aim_Grenade_01,Crouch_Blend_VS50,Crouch_Aim_Grenade_01,Run_Blend_VS50,Sprint_Blend_VS50,none,none,none,none,none,none,Prone_Blend_VS50,Prone_Aim_ASR_M4,Reload_Prone_ASR_M4_01,Stand_Shooting_ASR_mini14,Prone_Idle_VS50
Block_Veg_Banana_01,Idle_VS50,UI_Idle_EXP_VS50_A,Stand_Aim_Grenade_01,Walk_Blend_Grenade_01,Walk_Aim_Grenade_01,Crouch_Blend_VS50,Crouch_Aim_Grenade_01,Run_Blend_VS50,Sprint_Blend_VS50,none,none,none,none,none,none,Prone_Blend_VS50,Prone_Aim_ASR_M4,Reload_Prone_ASR_M4_01,Stand_Shooting_ASR_mini14,Prone_Idle_VS50
Block_Veg_Carrot_01,Idle_VS50,UI_Idle_EXP_VS50_A,Stand_Aim_Grenade_01,Walk_Blend_Grenade_01,Walk_Aim_Grenade_01,Crouch_Blend_VS50,Crouch_Aim_Grenade_01,Run_Blend_VS50,Sprint_Blend_VS50,none,none,none,none,none,none,Prone_Blend_VS50,Prone_Aim_ASR_M4,Reload_Prone_ASR_M4_01,Stand_Shooting_ASR_mini14,Prone_Idle_VS50
Block_Veg_Lettuce,Idle_VS50,UI_Idle_EXP_VS50_A,Stand_Aim_Grenade_01,Walk_Blend_Grenade_01,Walk_Aim_Grenade_01,Crouch_Blend_VS50,Crouch_Aim_Grenade_01,Run_Blend_VS50,Sprint_Blend_VS50,none,none,none,none,none,none,Prone_Blend_VS50,Prone_Aim_ASR_M4,Reload_Prone_ASR_M4_01,Stand_Shooting_ASR_mini14,Prone_Idle_VS50
Block_Veg_PineApple_01,Idle_VS50,UI_Idle_EXP_VS50_A,Stand_Aim_Grenade_01,Walk_Blend_Grenade_01,Walk_Aim_Grenade_01,Crouch_Blend_VS50,Crouch_Aim_Grenade_01,Run_Blend_VS50,Sprint_Blend_VS50,none,none,none,none,none,none,Prone_Blend_VS50,Prone_Aim_ASR_M4,Reload_Prone_ASR_M4_01,Stand_Shooting_ASR_mini14,Prone_Idle_VS50
Block_Veg_Potato_01,Idle_VS50,UI_Idle_EXP_VS50_A,Stand_Aim_Grenade_01,Walk_Blend_Grenade_01,Walk_Aim_Grenade_01,Crouch_Blend_VS50,Crouch_Aim_Grenade_01,Run_Blend_VS50,Sprint_Blend_VS50,none,none,none,none,none,none,Prone_Blend_VS50,Prone_Aim_ASR_M4,Reload_Prone_ASR_M4_01,Stand_Shooting_ASR_mini14,Prone_Idle_VS50
Block_Veg_Tomato_01,Idle_VS50,UI_Idle_EXP_VS50_A,Stand_Aim_Grenade_01,Walk_Blend_Grenade_01,Walk_Aim_Grenade_01,Crouch_Blend_VS50,Crouch_Aim_Grenade_01,Run_Blend_VS50,Sprint_Blend_VS50,none,none,none,none,none,none,Prone_Blend_VS50,Prone_Aim_ASR_M4,Reload_Prone_ASR_M4_01,Stand_Shooting_ASR_mini14,Prone_Idle_VS50
Block_Veg_WaterMelon_01,Idle_VS50,UI_Idle_EXP_VS50_A,Stand_Aim_Grenade_01,Walk_Blend_Grenade_01,Walk_Aim_Grenade_01,Crouch_Blend_VS50,Crouch_Aim_Grenade_01,Run_Blend_VS50,Sprint_Blend_VS50,none,none,none,none,none,none,Prone_Blend_VS50,Prone_Aim_ASR_M4,Reload_Prone_ASR_M4_01,Stand_Shooting_ASR_mini14,Prone_Idle_VS50
Block_Door_Wood_2M_01,Idle_VS50,UI_Idle_EXP_VS50_A,Stand_Aim_Grenade_01,Walk_Blend_Grenade_01,Walk_Aim_Grenade_01,Crouch_Blend_VS50,Crouch_Aim_Grenade_01,Run_Blend_VS50,Sprint_Blend_VS50,none,none,none,none,none,none,Prone_Blend_VS50,Prone_Aim_ASR_M4,Reload_Prone_ASR_M4_01,Stand_Shooting_ASR_mini14,Prone_Idle_VS50
Block_Wall_Metal_2M_01_Crate,Idle_VS50,UI_Idle_EXP_VS50_A,Stand_Aim_Grenade_01,Walk_Blend_Grenade_01,Walk_Aim_Grenade_01,Crouch_Blend_VS50,Crouch_Aim_Grenade_01,Run_Blend_VS50,Sprint_Blend_VS50,none,none,none,none,none,none,Prone_Blend_VS50,Prone_Aim_ASR_M4,Reload_Prone_ASR_M4_01,Stand_Shooting_ASR_mini14,Prone_Idle_VS50
Block_Wall_Wood_2M_01,Idle_VS50,UI_Idle_EXP_VS50_A,Stand_Aim_Grenade_01,Walk_Blend_Grenade_01,Walk_Aim_Grenade_01,Crouch_Blend_VS50,Crouch_Aim_Grenade_01,Run_Blend_VS50,Sprint_Blend_VS50,none,none,none,none,none,none,Prone_Blend_VS50,Prone_Aim_ASR_M4,Reload_Prone_ASR_M4_01,Stand_Shooting_ASR_mini14,Prone_Idle_VS50
Block_Wall_Wood_2M_01_Crate,Idle_VS50,UI_Idle_EXP_VS50_A,Stand_Aim_Grenade_01,Walk_Blend_Grenade_01,Walk_Aim_Grenade_01,Crouch_Blend_VS50,Crouch_Aim_Grenade_01,Run_Blend_VS50,Sprint_Blend_VS50,none,none,none,none,none,none,Prone_Blend_VS50,Prone_Aim_ASR_M4,Reload_Prone_ASR_M4_01,Stand_Shooting_ASR_mini14,Prone_Idle_VS50
Block_Wall_Brick_Tall_01_Crate,Idle_VS50,UI_Idle_EXP_VS50_A,Stand_Aim_Grenade_01,Walk_Blend_Grenade_01,Walk_Aim_Grenade_01,Crouch_Blend_VS50,Crouch_Aim_Grenade_01,Run_Blend_VS50,Sprint_Blend_VS50,none,none,none,none,none,none,Prone_Blend_VS50,Prone_Aim_ASR_M4,Reload_Prone_ASR_M4_01,Stand_Shooting_ASR_mini14,Prone_Idle_VS50
Block_Door_Wood_2M_01_Crate,Idle_VS50,UI_Idle_EXP_VS50_A,Stand_Aim_Grenade_01,Walk_Blend_Grenade_01,Walk_Aim_Grenade_01,Crouch_Blend_VS50,Crouch_Aim_Grenade_01,Run_Blend_VS50,Sprint_Blend_VS50,none,none,none,none,none,none,Prone_Blend_VS50,Prone_Aim_ASR_M4,Reload_Prone_ASR_M4_01,Stand_Shooting_ASR_mini14,Prone_Idle_VS50
Block_Wall_Brick_Short_01_Crate,Idle_VS50,UI_Idle_EXP_VS50_A,Stand_Aim_Grenade_01,Walk_Blend_Grenade_01,Walk_Aim_Grenade_01,Crouch_Blend_VS50,Crouch_Aim_Grenade_01,Run_Blend_VS50,Sprint_Blend_VS50,none,none,none,none,none,none,Prone_Blend_VS50,Prone_Aim_ASR_M4,Reload_Prone_ASR_M4_01,Stand_Shooting_ASR_mini14,Prone_Idle_VS50
Block_Farm_01_Crate,Idle_VS50,UI_Idle_EXP_VS50_A,Stand_Aim_Grenade_01,Walk_Blend_Grenade_01,Walk_Aim_Grenade_01,Crouch_Blend_VS50,Crouch_Aim_Grenade_01,Run_Blend_VS50,Sprint_Blend_VS50,none,none,none,none,none,none,Prone_Blend_VS50,Prone_Aim_ASR_M4,Reload_Prone_ASR_M4_01,Stand_Shooting_ASR_mini14,Prone_Idle_VS50
Block_PowerGen_Indust_01_Crate,Idle_Item,UI_Idle_EXP_Satchel,Stand_Aim_Grenade_01,Walk_Blend_Grenade_01,Walk_Aim_Grenade_01,Crouch_Blend_Item,Crouch_Aim_Grenade_01,Run_Blend_Item,Sprint_Blend_Item,none,none,none,none,none,none,Prone_Blend_VS50,Prone_Aim_ASR_M4,Reload_Prone_ASR_M4_01,Stand_Shooting_ASR_mini14,Prone_Idle_Item_01
Block_PowerGen_01_Crate,Idle_Item,UI_Idle_EXP_Satchel,Stand_Aim_Grenade_01,Walk_Blend_Grenade_01,Walk_Aim_Grenade_01,Crouch_Blend_Item,Crouch_Aim_Grenade_01,Run_Blend_Item,Sprint_Blend_Item,none,none,none,none,none,none,Prone_Blend_VS50,Prone_Aim_ASR_M4,Reload_Prone_ASR_M4_01,Stand_Shooting_ASR_mini14,Prone_Idle_Item_01
Block_SolarWater_01_Crate,Idle_VS50,UI_Idle_EXP_VS50_A,Stand_Aim_Grenade_01,Walk_Blend_Grenade_01,Walk_Aim_Grenade_01,Crouch_Blend_VS50,Crouch_Aim_Grenade_01,Run_Blend_VS50,Sprint_Blend_VS50,none,none,none,none,none,none,Prone_Blend_VS50,Prone_Aim_ASR_M4,Reload_Prone_ASR_M4_01,Stand_Shooting_ASR_mini14,Prone_Idle_VS50
Block_Light_01_Crate,Idle_VS50,UI_Idle_EXP_VS50_A,Stand_Aim_Grenade_01,Walk_Blend_Grenade_01,Walk_Aim_Grenade_01,Crouch_Blend_VS50,Crouch_Aim_Grenade_01,Run_Blend_VS50,Sprint_Blend_VS50,none,none,none,none,none,none,Prone_Blend_VS50,Prone_Aim_ASR_M4,Reload_Prone_ASR_M4_01,Stand_Shooting_ASR_mini14,Prone_Idle_VS50
Block_Wall_Metal_2M_01,Idle_VS50,UI_Idle_EXP_VS50_A,Stand_Aim_Grenade_01,Walk_Blend_Grenade_01,Walk_Aim_Grenade_01,Crouch_Blend_VS50,Crouch_Aim_Grenade_01,Run_Blend_VS50,Sprint_Blend_VS50,none,none,none,none,none,none,Prone_Blend_VS50,Prone_Aim_ASR_M4,Reload_Prone_ASR_M4_01,Stand_Shooting_ASR_mini14,Prone_Idle_VS50
Block_Wall_Brick_Tall_01,Idle_VS50,UI_Idle_EXP_VS50_A,Stand_Aim_Grenade_01,Walk_Blend_Grenade_01,Walk_Aim_Grenade_01,Crouch_Blend_VS50,Crouch_Aim_Grenade_01,Run_Blend_VS50,Sprint_Blend_VS50,none,none,none,none,none,none,Prone_Blend_VS50,Prone_Aim_ASR_M4,Reload_Prone_ASR_M4_01,Stand_Shooting_ASR_mini14,Prone_Idle_VS50
Block_Wall_Brick_Short_01,Idle_VS50,UI_Idle_EXP_VS50_A,Stand_Aim_Grenade_01,Walk_Blend_Grenade_01,Walk_Aim_Grenade_01,Crouch_Blend_VS50,Crouch_Aim_Grenade_01,Run_Blend_VS50,Sprint_Blend_VS50,none,none,none,none,none,none,Prone_Blend_VS50,Prone_Aim_ASR_M4,Reload_Prone_ASR_M4_01,Stand_Shooting_ASR_mini14,Prone_Idle_VS50
Block_Farm_01,Idle_VS50,UI_Idle_EXP_VS50_A,Stand_Aim_Grenade_01,Walk_Blend_Grenade_01,Walk_Aim_Grenade_01,Crouch_Blend_VS50,Crouch_Aim_Grenade_01,Run_Blend_VS50,Sprint_Blend_VS50,none,none,none,none,none,none,Prone_Blend_VS50,Prone_Aim_ASR_M4,Reload_Prone_ASR_M4_01,Stand_Shooting_ASR_mini14,Prone_Idle_VS50
Block_PowerGen_Indust_01,Idle_Item,UI_Idle_EXP_Satchel,Stand_Aim_Grenade_01,Walk_Blend_Grenade_01,Walk_Aim_Grenade_01,Crouch_Blend_Item,Crouch_Aim_Grenade_01,Run_Blend_Item,Sprint_Blend_Item,none,none,none,none,none,none,Prone_Blend_VS50,Prone_Aim_ASR_M4,Reload_Prone_ASR_M4_01,Stand_Shooting_ASR_mini14,Prone_Idle_Item_01
Block_PowerGen_01_Small,Idle_Item,UI_Idle_EXP_Satchel,Stand_Aim_Grenade_01,Walk_Blend_Grenade_01,Walk_Aim_Grenade_01,Crouch_Blend_Item,Crouch_Aim_Grenade_01,Run_Blend_Item,Sprint_Blend_Item,none,none,none,none,none,none,Prone_Blend_VS50,Prone_Aim_ASR_M4,Reload_Prone_ASR_M4_01,Stand_Shooting_ASR_mini14,Prone_Idle_Item_01
Block_SolarWater_01,Idle_VS50,UI_Idle_EXP_VS50_A,Stand_Aim_Grenade_01,Walk_Blend_Grenade_01,Walk_Aim_Grenade_01,Crouch_Blend_VS50,Crouch_Aim_Grenade_01,Run_Blend_VS50,Sprint_Blend_VS50,none,none,none,none,none,none,Prone_Blend_VS50,Prone_Aim_ASR_M4,Reload_Prone_ASR_M4_01,Stand_Shooting_ASR_mini14,Prone_Idle_VS50
Block_Light_01,Idle_VS50,UI_Idle_EXP_VS50_A,Stand_Aim_Grenade_01,Walk_Blend_Grenade_01,Walk_Aim_Grenade_01,Crouch_Blend_VS50,Crouch_Aim_Grenade_01,Run_Blend_VS50,Sprint_Blend_VS50,none,none,none,none,none,none,Prone_Blend_VS50,Prone_Aim_ASR_M4,Reload_Prone_ASR_M4_01,Stand_Shooting_ASR_mini14,Prone_Idle_VS50
